Main Header,Subheader 1,Subheader 2,Section,site
OPERA MAIORA,Scriptum super Sententiis,Prooemium,Prooemium,https://www.corpusthomisticum.org/snp0000.html
OPERA MAIORA,Scriptum super Sententiis,Prooemium,Quaestio 1,https://www.corpusthomisticum.org/snp0001.html
OPERA MAIORA,Scriptum super Sententiis,Liber 1,Distinctio 1,https://www.corpusthomisticum.org/snp1001.html
OPERA MAIORA,Scriptum super Sententiis,Liber 1,Distinctio 2 prooemium,https://www.corpusthomisticum.org/snp10020.html
OPERA MAIORA,Scriptum super Sententiis,Liber 1,Distinctio 2 articuli 1-2,https://www.corpusthomisticum.org/snp10021.html
OPERA MAIORA,Scriptum super Sententiis,Liber 1,Distinctio 2 articulus 3,https://www.corpusthomisticum.org/snp10023.html
OPERA MAIORA,Scriptum super Sententiis,Liber 1,Distinctio 2 articuli 4-5,https://www.corpusthomisticum.org/snp10024.html
OPERA MAIORA,Scriptum super Sententiis,Liber 1,Distinctio 3,https://www.corpusthomisticum.org/snp1003.html
OPERA MAIORA,Scriptum super Sententiis,Liber 1,Distinctiones 4-7,https://www.corpusthomisticum.org/snp1004.html
OPERA MAIORA,Scriptum super Sententiis,Liber 1,Distinctio 8,https://www.corpusthomisticum.org/snp1008.html
OPERA MAIORA,Scriptum super Sententiis,Liber 1,Distinctiones 9-18,https://www.corpusthomisticum.org/snp1009.html
OPERA MAIORA,Scriptum super Sententiis,Liber 1,Distinctiones 19-21,https://www.corpusthomisticum.org/snp1019.html
OPERA MAIORA,Scriptum super Sententiis,Liber 1,Distinctiones 22-25,https://www.corpusthomisticum.org/snp1022.html
OPERA MAIORA,Scriptum super Sententiis,Liber 1,Distinctiones 26-32,https://www.corpusthomisticum.org/snp1026.html
OPERA MAIORA,Scriptum super Sententiis,Liber 1,Distinctiones 33-34,https://www.corpusthomisticum.org/snp1033.html
OPERA MAIORA,Scriptum super Sententiis,Liber 1,Distinctiones 35-41,https://www.corpusthomisticum.org/snp1035.html
OPERA MAIORA,Scriptum super Sententiis,Liber 1,Distinctiones 42-44,https://www.corpusthomisticum.org/snp1042.html
OPERA MAIORA,Scriptum super Sententiis,Liber 1,Distinctiones 45-48,https://www.corpusthomisticum.org/snp1045.html
OPERA MAIORA,Scriptum super Sententiis,Liber 2,Prooemium,https://www.corpusthomisticum.org/snp2000.html
OPERA MAIORA,Scriptum super Sententiis,Liber 2,Distinctio 1,https://www.corpusthomisticum.org/snp2001.html
OPERA MAIORA,Scriptum super Sententiis,Liber 2,Distinctiones 2-4,https://www.corpusthomisticum.org/snp2002.html
OPERA MAIORA,Scriptum super Sententiis,Liber 2,Distinctiones 5-8,https://www.corpusthomisticum.org/snp2005.html
OPERA MAIORA,Scriptum super Sententiis,Liber 2,Distinctiones 9-11,https://www.corpusthomisticum.org/snp2009.html
OPERA MAIORA,Scriptum super Sententiis,Liber 2,Distinctiones 12-15,https://www.corpusthomisticum.org/snp2012.html
OPERA MAIORA,Scriptum super Sententiis,Liber 2,Distinctiones 16-20,https://www.corpusthomisticum.org/snp2016.html
OPERA MAIORA,Scriptum super Sententiis,Liber 2,Distinctio 21,https://www.corpusthomisticum.org/snp2021.html
OPERA MAIORA,Scriptum super Sententiis,Liber 2,Distinctio 22,https://www.corpusthomisticum.org/snp2022.html
OPERA MAIORA,Scriptum super Sententiis,Liber 2,Distinctiones 23-29,https://www.corpusthomisticum.org/snp2023.html
OPERA MAIORA,Scriptum super Sententiis,Liber 2,Distinctiones 30-33,https://www.corpusthomisticum.org/snp2030.html
OPERA MAIORA,Scriptum super Sententiis,Liber 2,Distinctio 34,https://www.corpusthomisticum.org/snp2034.html
OPERA MAIORA,Scriptum super Sententiis,Liber 2,Distinctiones 35-41,https://www.corpusthomisticum.org/snp2035.html
OPERA MAIORA,Scriptum super Sententiis,Liber 2,Distinctiones 42-43,https://www.corpusthomisticum.org/snp2042.html
OPERA MAIORA,Scriptum super Sententiis,Liber 2,Distinctio 44,https://www.corpusthomisticum.org/snp2044.html
OPERA MAIORA,Scriptum super Sententiis,Liber 3,Distinctio 1,https://www.corpusthomisticum.org/spd3001.html
OPERA MAIORA,Scriptum super Sententiis,Liber 3,Distinctiones 4-22,https://www.corpusthomisticum.org/spd3004.html
OPERA MAIORA,Scriptum super Sententiis,Liber 3,Distinctiones 23-34,https://www.corpusthomisticum.org/spd3023.html
OPERA MAIORA,Scriptum super Sententiis,Liber 3,Prooemium,https://www.corpusthomisticum.org/snp3000.html
OPERA MAIORA,Scriptum super Sententiis,Liber 3,Distinctio 1,https://www.corpusthomisticum.org/snp3001.html
OPERA MAIORA,Scriptum super Sententiis,Liber 3,Distinctiones 2-4,https://www.corpusthomisticum.org/snp3002.html
OPERA MAIORA,Scriptum super Sententiis,Liber 3,Distinctio 5,https://www.corpusthomisticum.org/snp3005.html
OPERA MAIORA,Scriptum super Sententiis,Liber 3,Distinctiones 6-12,https://www.corpusthomisticum.org/snp3006.html
OPERA MAIORA,Scriptum super Sententiis,Liber 3,Distinctiones 13-16,https://www.corpusthomisticum.org/snp3013.html
OPERA MAIORA,Scriptum super Sententiis,Liber 3,Distinctiones 17-20,https://www.corpusthomisticum.org/snp3017.html
OPERA MAIORA,Scriptum super Sententiis,Liber 3,Distinctiones 21-22,https://www.corpusthomisticum.org/snp3021.html
OPERA MAIORA,Scriptum super Sententiis,Liber 3,Distinctiones 23-25,https://www.corpusthomisticum.org/snp3023.html
OPERA MAIORA,Scriptum super Sententiis,Liber 3,Distinctio 26,https://www.corpusthomisticum.org/snp3026.html
OPERA MAIORA,Scriptum super Sententiis,Liber 3,Distinctiones 27-32,https://www.corpusthomisticum.org/snp3027.html
OPERA MAIORA,Scriptum super Sententiis,Liber 3,Distinctio 33,https://www.corpusthomisticum.org/snp3033.html
OPERA MAIORA,Scriptum super Sententiis,Liber 3,Distinctiones 34-35,https://www.corpusthomisticum.org/snp3034.html
OPERA MAIORA,Scriptum super Sententiis,Liber 3,Distinctio 36,https://www.corpusthomisticum.org/snp3036.html
OPERA MAIORA,Scriptum super Sententiis,Liber 3,Distinctiones 37-40,https://www.corpusthomisticum.org/snp3037.html
OPERA MAIORA,Scriptum super Sententiis,Liber 4,Prooemium,https://www.corpusthomisticum.org/snp4000.html
OPERA MAIORA,Scriptum super Sententiis,Liber 4,Distinctio 1,https://www.corpusthomisticum.org/snp4001.html
OPERA MAIORA,Scriptum super Sententiis,Liber 4,Distinctio 2,https://www.corpusthomisticum.org/snp4002.html
OPERA MAIORA,Scriptum super Sententiis,Liber 4,Distinctiones 3-6,https://www.corpusthomisticum.org/snp4003.html
OPERA MAIORA,Scriptum super Sententiis,Liber 4,Distinctio 7,https://www.corpusthomisticum.org/snp4007.html
OPERA MAIORA,Scriptum super Sententiis,Liber 4,Distinctiones 8-10,https://www.corpusthomisticum.org/snp4008.html
OPERA MAIORA,Scriptum super Sententiis,Liber 4,Distinctiones 11-12,https://www.corpusthomisticum.org/snp4011.html
OPERA MAIORA,Scriptum super Sententiis,Liber 4,Distinctio 13,https://www.corpusthomisticum.org/snp4013.html
OPERA MAIORA,Scriptum super Sententiis,Liber 4,Distinctio 14,https://www.corpusthomisticum.org/snp4014.html
OPERA MAIORA,Scriptum super Sententiis,Liber 4,Distinctio 15,https://www.corpusthomisticum.org/snp4015.html
OPERA MAIORA,Scriptum super Sententiis,Liber 4,Distinctiones 16-17,https://www.corpusthomisticum.org/snp4016.html
OPERA MAIORA,Scriptum super Sententiis,Liber 4,Distinctiones 18-19,https://www.corpusthomisticum.org/snp4018.html
OPERA MAIORA,Scriptum super Sententiis,Liber 4,Distinctiones 20-22,https://www.corpusthomisticum.org/snp4020.html
OPERA MAIORA,Scriptum super Sententiis,Liber 4,Distinctio 23,https://www.corpusthomisticum.org/snp4023.html
OPERA MAIORA,Scriptum super Sententiis,Liber 4,Distinctiones 24-25,https://www.corpusthomisticum.org/snp4024.html
OPERA MAIORA,Scriptum super Sententiis,Liber 4,Distinctio 26,https://www.corpusthomisticum.org/snp4026.html
OPERA MAIORA,Scriptum super Sententiis,Liber 4,Distinctiones 27-33,https://www.corpusthomisticum.org/snp4027.html
OPERA MAIORA,Scriptum super Sententiis,Liber 4,Distinctiones 34-36,https://www.corpusthomisticum.org/snp4034.html
OPERA MAIORA,Scriptum super Sententiis,Liber 4,Distinctiones 37-42,https://www.corpusthomisticum.org/snp4037.html
OPERA MAIORA,Scriptum super Sententiis,Liber 4,Distinctiones 43-44,https://www.corpusthomisticum.org/snp4043.html
OPERA MAIORA,Scriptum super Sententiis,Liber 4,Distinctiones 45-46,https://www.corpusthomisticum.org/snp4045.html
OPERA MAIORA,Scriptum super Sententiis,Liber 4,Distinctiones 47-48,https://www.corpusthomisticum.org/snp4047.html
OPERA MAIORA,Scriptum super Sententiis,Liber 4,Distinctio 49 quaestio 1,https://www.corpusthomisticum.org/snp40491.html
OPERA MAIORA,Scriptum super Sententiis,Liber 4,Distinctio 49 quaestio 2,https://www.corpusthomisticum.org/snp40492.html
OPERA MAIORA,Scriptum super Sententiis,Liber 4,Distinctio 49 quaestio 3,https://www.corpusthomisticum.org/snp40493.html
OPERA MAIORA,Scriptum super Sententiis,Liber 4,Distinctio 49 quaestio 4,https://www.corpusthomisticum.org/snp40494.html
OPERA MAIORA,Scriptum super Sententiis,Liber 4,Distinctio 49 quaestio 5,https://www.corpusthomisticum.org/snp40495.html
OPERA MAIORA,Scriptum super Sententiis,Liber 4,Distinctio 50,https://www.corpusthomisticum.org/snp4050.html
OPERA MAIORA,Summa contra Gentiles,Liber 1,Capita 1-9,https://www.corpusthomisticum.org/scg1001.html
OPERA MAIORA,Summa contra Gentiles,Liber 1,Capita 10-13,https://www.corpusthomisticum.org/scg1010.html
OPERA MAIORA,Summa contra Gentiles,Liber 1,Capita 14-28,https://www.corpusthomisticum.org/scg1014.html
OPERA MAIORA,Summa contra Gentiles,Liber 1,Capita 29-36,https://www.corpusthomisticum.org/scg1029.html
OPERA MAIORA,Summa contra Gentiles,Liber 1,Capita 37-43,https://www.corpusthomisticum.org/scg1037.html
OPERA MAIORA,Summa contra Gentiles,Liber 1,Capita 44-71,https://www.corpusthomisticum.org/scg1044.html
OPERA MAIORA,Summa contra Gentiles,Liber 1,Capita 72-96,https://www.corpusthomisticum.org/scg1072.html
OPERA MAIORA,Summa contra Gentiles,Liber 1,Capita 97-102,https://www.corpusthomisticum.org/scg1097.html
OPERA MAIORA,Summa contra Gentiles,Liber 2,Capita 1-5,https://www.corpusthomisticum.org/scg2001.html
OPERA MAIORA,Summa contra Gentiles,Liber 2,Capita 6-38,https://www.corpusthomisticum.org/scg2006.html
OPERA MAIORA,Summa contra Gentiles,Liber 2,Capita 39-45,https://www.corpusthomisticum.org/scg2039.html
OPERA MAIORA,Summa contra Gentiles,Liber 2,Capita 46-55,https://www.corpusthomisticum.org/scg2046.html
OPERA MAIORA,Summa contra Gentiles,Liber 2,Capita 56-90,https://www.corpusthomisticum.org/scg2056.html
OPERA MAIORA,Summa contra Gentiles,Liber 2,Capita 91-101,https://www.corpusthomisticum.org/scg2091.html
OPERA MAIORA,Summa contra Gentiles,Liber 3,Capita 1-63,https://www.corpusthomisticum.org/scg3001.html
OPERA MAIORA,Summa contra Gentiles,Liber 3,Capita 64-110,https://www.corpusthomisticum.org/scg3064.html
OPERA MAIORA,Summa contra Gentiles,Liber 3,Capita 111-163,https://www.corpusthomisticum.org/scg3111.html
OPERA MAIORA,Summa contra Gentiles,Liber 4,Capita 1-26,https://www.corpusthomisticum.org/scg4001.html
OPERA MAIORA,Summa contra Gentiles,Liber 4,Capita 27-78,https://www.corpusthomisticum.org/scg4027.html
OPERA MAIORA,Summa contra Gentiles,Liber 4,Capita 79-97,https://www.corpusthomisticum.org/scg4079.html
OPERA MAIORA,Summa Theologiae,Primae redactiones,Prooemium,https://www.corpusthomisticum.org/sth0000.html
OPERA MAIORA,Summa Theologiae,Prima pars,Quaestio 1,https://www.corpusthomisticum.org/sth1001.html
OPERA MAIORA,Summa Theologiae,Prima pars,Quaestio 2,https://www.corpusthomisticum.org/sth1002.html
OPERA MAIORA,Summa Theologiae,Prima pars,Quaestiones 3-14,https://www.corpusthomisticum.org/sth1003.html
OPERA MAIORA,Summa Theologiae,Prima pars,Quaestiones 15-27,https://www.corpusthomisticum.org/sth1015.html
OPERA MAIORA,Summa Theologiae,Prima pars,Quaestiones 28-43,https://www.corpusthomisticum.org/sth1028.html
OPERA MAIORA,Summa Theologiae,Prima pars,Quaestiones 44-49,https://www.corpusthomisticum.org/sth1044.html
OPERA MAIORA,Summa Theologiae,Prima pars,Quaestiones 50-64,https://www.corpusthomisticum.org/sth1050.html
OPERA MAIORA,Summa Theologiae,Prima pars,Quaestiones 65-74,https://www.corpusthomisticum.org/sth1065.html
OPERA MAIORA,Summa Theologiae,Prima pars,Quaestiones 75-76,https://www.corpusthomisticum.org/sth1075.html
OPERA MAIORA,Summa Theologiae,Prima pars,Quaestiones 77-83,https://www.corpusthomisticum.org/sth1077.html
OPERA MAIORA,Summa Theologiae,Prima pars,Quaestiones 84-89,https://www.corpusthomisticum.org/sth1084.html
OPERA MAIORA,Summa Theologiae,Prima pars,Quaestiones 90-102,https://www.corpusthomisticum.org/sth1090.html
OPERA MAIORA,Summa Theologiae,Prima pars,Quaestiones 103-119,https://www.corpusthomisticum.org/sth1103.html
OPERA MAIORA,Summa Theologiae,Prima Secundae,Prooemium,https://www.corpusthomisticum.org/sth2000.html
OPERA MAIORA,Summa Theologiae,Prima Secundae,Quaestiones 1-5,https://www.corpusthomisticum.org/sth2001.html
OPERA MAIORA,Summa Theologiae,Prima Secundae,Quaestiones 6-21,https://www.corpusthomisticum.org/sth2006.html
OPERA MAIORA,Summa Theologiae,Prima Secundae,Quaestiones 22-25,https://www.corpusthomisticum.org/sth2022.html
OPERA MAIORA,Summa Theologiae,Prima Secundae,Quaestiones 26-39,https://www.corpusthomisticum.org/sth2026.html
OPERA MAIORA,Summa Theologiae,Prima Secundae,Quaestiones 40-48,https://www.corpusthomisticum.org/sth2040.html
OPERA MAIORA,Summa Theologiae,Prima Secundae,Quaestiones 49-54,https://www.corpusthomisticum.org/sth2049.html
OPERA MAIORA,Summa Theologiae,Prima Secundae,Quaestiones 55-70,https://www.corpusthomisticum.org/sth2055.html
OPERA MAIORA,Summa Theologiae,Prima Secundae,Quaestio 71,https://www.corpusthomisticum.org/sth2071.html
OPERA MAIORA,Summa Theologiae,Prima Secundae,Quaestio 72,https://www.corpusthomisticum.org/sth2072.html
OPERA MAIORA,Summa Theologiae,Prima Secundae,Quaestio 73,https://www.corpusthomisticum.org/sth2073.html
OPERA MAIORA,Summa Theologiae,Prima Secundae,Quaestio 74,https://www.corpusthomisticum.org/sth2074.html
OPERA MAIORA,Summa Theologiae,Prima Secundae,Quaestiones 75-84,https://www.corpusthomisticum.org/sth2075.html
OPERA MAIORA,Summa Theologiae,Prima Secundae,Quaestiones 85-89,https://www.corpusthomisticum.org/sth2085.html
OPERA MAIORA,Summa Theologiae,Prima Secundae,Quaestiones 90-92,https://www.corpusthomisticum.org/sth2090.html
OPERA MAIORA,Summa Theologiae,Prima Secundae,Quaestio 93,https://www.corpusthomisticum.org/sth2093.html
OPERA MAIORA,Summa Theologiae,Prima Secundae,Quaestio 94,https://www.corpusthomisticum.org/sth2094.html
OPERA MAIORA,Summa Theologiae,Prima Secundae,Quaestiones 95-97,https://www.corpusthomisticum.org/sth2095.html
OPERA MAIORA,Summa Theologiae,Prima Secundae,Quaestiones 98-105,https://www.corpusthomisticum.org/sth2098.html
OPERA MAIORA,Summa Theologiae,Prima Secundae,Quaestiones 106-108,https://www.corpusthomisticum.org/sth2106.html
OPERA MAIORA,Summa Theologiae,Prima Secundae,Quaestiones 109-114,https://www.corpusthomisticum.org/sth2109.html
OPERA MAIORA,Summa Theologiae,Secunda Secundae,Prooemium,https://www.corpusthomisticum.org/sth3000.html
OPERA MAIORA,Summa Theologiae,Secunda Secundae,Quaestiones 1-16,https://www.corpusthomisticum.org/sth3001.html
OPERA MAIORA,Summa Theologiae,Secunda Secundae,Quaestiones 17-22,https://www.corpusthomisticum.org/sth3017.html
OPERA MAIORA,Summa Theologiae,Secunda Secundae,Quaestiones 23-24,https://www.corpusthomisticum.org/sth3023.html
OPERA MAIORA,Summa Theologiae,Secunda Secundae,Quaestiones 25-26,https://www.corpusthomisticum.org/sth3025.html
OPERA MAIORA,Summa Theologiae,Secunda Secundae,Quaestiones 27-33,https://www.corpusthomisticum.org/sth3027.html
OPERA MAIORA,Summa Theologiae,Secunda Secundae,Quaestiones 34-43,https://www.corpusthomisticum.org/sth3034.html
OPERA MAIORA,Summa Theologiae,Secunda Secundae,Quaestio 44,https://www.corpusthomisticum.org/sth3044.html
OPERA MAIORA,Summa Theologiae,Secunda Secundae,Quaestiones 45-46,https://www.corpusthomisticum.org/sth3045.html
OPERA MAIORA,Summa Theologiae,Secunda Secundae,Quaestiones 47-56,https://www.corpusthomisticum.org/sth3047.html
OPERA MAIORA,Summa Theologiae,Secunda Secundae,Quaestiones 57-60,https://www.corpusthomisticum.org/sth3057.html
OPERA MAIORA,Summa Theologiae,Secunda Secundae,Quaestiones 61-78,https://www.corpusthomisticum.org/sth3061.html
OPERA MAIORA,Summa Theologiae,Secunda Secundae,Quaestio 79,https://www.corpusthomisticum.org/sth3079.html
OPERA MAIORA,Summa Theologiae,Secunda Secundae,Quaestio 80,https://www.corpusthomisticum.org/sth3080.html
OPERA MAIORA,Summa Theologiae,Secunda Secundae,Quaestio 81,https://www.corpusthomisticum.org/sth3081.html
OPERA MAIORA,Summa Theologiae,Secunda Secundae,Quaestiones 82-91,https://www.corpusthomisticum.org/sth3082.html
OPERA MAIORA,Summa Theologiae,Secunda Secundae,Quaestiones 92-100,https://www.corpusthomisticum.org/sth3092.html
OPERA MAIORA,Summa Theologiae,Secunda Secundae,Quaestio 101,https://www.corpusthomisticum.org/sth3101.html
OPERA MAIORA,Summa Theologiae,Secunda Secundae,Quaestiones 102-105,https://www.corpusthomisticum.org/sth3102.html
OPERA MAIORA,Summa Theologiae,Secunda Secundae,Quaestiones 106-108,https://www.corpusthomisticum.org/sth3106.html
OPERA MAIORA,Summa Theologiae,Secunda Secundae,Quaestiones 109-120,https://www.corpusthomisticum.org/sth3109.html
OPERA MAIORA,Summa Theologiae,Secunda Secundae,Quaestio 121,https://www.corpusthomisticum.org/sth3121.html
OPERA MAIORA,Summa Theologiae,Secunda Secundae,Quaestio 122,https://www.corpusthomisticum.org/sth3122.html
OPERA MAIORA,Summa Theologiae,Secunda Secundae,Quaestiones 123-140,https://www.corpusthomisticum.org/sth3123.html
OPERA MAIORA,Summa Theologiae,Secunda Secundae,Quaestiones 141-142,https://www.corpusthomisticum.org/sth3141.html
OPERA MAIORA,Summa Theologiae,Secunda Secundae,Quaestio 143,https://www.corpusthomisticum.org/sth3143.html
OPERA MAIORA,Summa Theologiae,Secunda Secundae,Quaestiones 144-145,https://www.corpusthomisticum.org/sth3144.html
OPERA MAIORA,Summa Theologiae,Secunda Secundae,Quaestiones 146-154,https://www.corpusthomisticum.org/sth3146.html
OPERA MAIORA,Summa Theologiae,Secunda Secundae,Quaestiones 155-169,https://www.corpusthomisticum.org/sth3155.html
OPERA MAIORA,Summa Theologiae,Secunda Secundae,Quaestio 170,https://www.corpusthomisticum.org/sth3170.html
OPERA MAIORA,Summa Theologiae,Secunda Secundae,Quaestiones 171-178,https://www.corpusthomisticum.org/sth3171.html
OPERA MAIORA,Summa Theologiae,Secunda Secundae,Quaestiones 179-182,https://www.corpusthomisticum.org/sth3179.html
OPERA MAIORA,Summa Theologiae,Secunda Secundae,Quaestiones 183-189,https://www.corpusthomisticum.org/sth3183.html
OPERA MAIORA,Summa Theologiae,Tertia pars,Prooemium,https://www.corpusthomisticum.org/sth4000.html
OPERA MAIORA,Summa Theologiae,Tertia pars,Quaestio 1,https://www.corpusthomisticum.org/sth4001.html
OPERA MAIORA,Summa Theologiae,Tertia pars,Quaestiones 2-15,https://www.corpusthomisticum.org/sth4002.html
OPERA MAIORA,Summa Theologiae,Tertia pars,Quaestiones 16-26,https://www.corpusthomisticum.org/sth4016.html
OPERA MAIORA,Summa Theologiae,Tertia pars,Quaestiones 27-39,https://www.corpusthomisticum.org/sth4027.html
OPERA MAIORA,Summa Theologiae,Tertia pars,Quaestiones 40-45,https://www.corpusthomisticum.org/sth4040.html
OPERA MAIORA,Summa Theologiae,Tertia pars,Quaestiones 46-52,https://www.corpusthomisticum.org/sth4046.html
OPERA MAIORA,Summa Theologiae,Tertia pars,Quaestiones 53-59,https://www.corpusthomisticum.org/sth4053.html
OPERA MAIORA,Summa Theologiae,Tertia pars,Quaestiones 60-65,https://www.corpusthomisticum.org/sth4060.html
OPERA MAIORA,Summa Theologiae,Tertia pars,Quaestiones 66-71,https://www.corpusthomisticum.org/sth4066.html
OPERA MAIORA,Summa Theologiae,Tertia pars,Quaestio 72,https://www.corpusthomisticum.org/sth4072.html
OPERA MAIORA,Summa Theologiae,Tertia pars,Quaestio 73,https://www.corpusthomisticum.org/sth4073.html
OPERA MAIORA,Summa Theologiae,Tertia pars,Quaestiones 74-77,https://www.corpusthomisticum.org/sth4074.html
OPERA MAIORA,Summa Theologiae,Tertia pars,Quaestio 78,https://www.corpusthomisticum.org/sth4078.html
OPERA MAIORA,Summa Theologiae,Tertia pars,Quaestio 79,https://www.corpusthomisticum.org/sth4079.html
OPERA MAIORA,Summa Theologiae,Tertia pars,Quaestiones 80-81,https://www.corpusthomisticum.org/sth4080.html
OPERA MAIORA,Summa Theologiae,Tertia pars,Quaestio 82,https://www.corpusthomisticum.org/sth4082.html
OPERA MAIORA,Summa Theologiae,Tertia pars,Quaestio 83,https://www.corpusthomisticum.org/sth4083.html
OPERA MAIORA,Summa Theologiae,Tertia pars,Quaestiones 84-90,https://www.corpusthomisticum.org/sth4084.html
QUAESTIONES,Quaestiones disputatae,Tertia pars,De spiritualibus creaturis,https://www.corpusthomisticum.org/qds.html
QUAESTIONES,Quaestiones disputatae,Tertia pars,De unione Verbi,https://www.corpusthomisticum.org/qdi.html
QUAESTIONES,Quaestiones disputatae,De veritate,Quaestio 1,https://www.corpusthomisticum.org/qdv01.html
QUAESTIONES,Quaestiones disputatae,De veritate,Quaestiones 2-4,https://www.corpusthomisticum.org/qdv02.html
QUAESTIONES,Quaestiones disputatae,De veritate,Quaestiones 5-7,https://www.corpusthomisticum.org/qdv05.html
QUAESTIONES,Quaestiones disputatae,De veritate,Quaestiones 8-9,https://www.corpusthomisticum.org/qdv08.html
QUAESTIONES,Quaestiones disputatae,De veritate,Quaestio 10,https://www.corpusthomisticum.org/qdv10.html
QUAESTIONES,Quaestiones disputatae,De veritate,Quaestio 11,https://www.corpusthomisticum.org/qdv11.html
QUAESTIONES,Quaestiones disputatae,De veritate,Quaestiones 12-13,https://www.corpusthomisticum.org/qdv12.html
QUAESTIONES,Quaestiones disputatae,De veritate,Quaestio 14,https://www.corpusthomisticum.org/qdv14.html
QUAESTIONES,Quaestiones disputatae,De veritate,Quaestiones 15-17,https://www.corpusthomisticum.org/qdv15.html
QUAESTIONES,Quaestiones disputatae,De veritate,Quaestiones 18-19,https://www.corpusthomisticum.org/qdv18.html
QUAESTIONES,Quaestiones disputatae,De veritate,Quaestio 20,https://www.corpusthomisticum.org/qdv20.html
QUAESTIONES,Quaestiones disputatae,De veritate,Quaestio 21,https://www.corpusthomisticum.org/qdv21.html
QUAESTIONES,Quaestiones disputatae,De veritate,Quaestio 22 articuli 1-10,https://www.corpusthomisticum.org/qdv2201.html
QUAESTIONES,Quaestiones disputatae,De veritate,Quaestio 22 articulus 11,https://www.corpusthomisticum.org/qdv2211.html
QUAESTIONES,Quaestiones disputatae,De veritate,Quaestio 22 articuli 12-15,https://www.corpusthomisticum.org/qdv2212.html
QUAESTIONES,Quaestiones disputatae,De veritate,Quaestio 23,https://www.corpusthomisticum.org/qdv23.html
QUAESTIONES,Quaestiones disputatae,De veritate,Quaestio 24,https://www.corpusthomisticum.org/qdv24.html
QUAESTIONES,Quaestiones disputatae,De veritate,Quaestiones 25-26,https://www.corpusthomisticum.org/qdv25.html
QUAESTIONES,Quaestiones disputatae,De veritate,Quaestiones 27-29,https://www.corpusthomisticum.org/qdv27.html
QUAESTIONES,Quaestiones disputatae,De potentia,Quaestiones 1-2,https://www.corpusthomisticum.org/qdp1.html
QUAESTIONES,Quaestiones disputatae,De potentia,Quaestio 3,https://www.corpusthomisticum.org/qdp3.html
QUAESTIONES,Quaestiones disputatae,De potentia,Quaestio 4,https://www.corpusthomisticum.org/qdp4.html
QUAESTIONES,Quaestiones disputatae,De potentia,Quaestiones 5-6,https://www.corpusthomisticum.org/qdp5.html
QUAESTIONES,Quaestiones disputatae,De potentia,Quaestio 7,https://www.corpusthomisticum.org/qdp7.html
QUAESTIONES,Quaestiones disputatae,De potentia,Quaestiones 8-10,https://www.corpusthomisticum.org/qdp8.html
QUAESTIONES,Quaestiones disputatae,Q. de anima,Prooemium,https://www.corpusthomisticum.org/qda00.html
QUAESTIONES,Quaestiones disputatae,Q. de anima,Articuli 1-13,https://www.corpusthomisticum.org/qda01.html
QUAESTIONES,Quaestiones disputatae,Q. de anima,Articuli 14-21,https://www.corpusthomisticum.org/qda14.html
QUAESTIONES,Quaestiones disputatae,De malo,Quaestio 1,https://www.corpusthomisticum.org/qdm01.html
QUAESTIONES,Quaestiones disputatae,De malo,Quaestiones 2-3,https://www.corpusthomisticum.org/qdm02.html
QUAESTIONES,Quaestiones disputatae,De malo,Quaestiones 4-5,https://www.corpusthomisticum.org/qdm04.html
QUAESTIONES,Quaestiones disputatae,De malo,Quaestiones 6-7,https://www.corpusthomisticum.org/qdm06.html
QUAESTIONES,Quaestiones disputatae,De malo,Quaestiones 8-15,https://www.corpusthomisticum.org/qdm08.html
QUAESTIONES,Quaestiones disputatae,De malo,Quaestio 16,https://www.corpusthomisticum.org/qdm16.html
QUAESTIONES,Quaestiones disputatae,De virtutibus,Quaestio 1 ad articulum 2,https://www.corpusthomisticum.org/qdw100.html
QUAESTIONES,Quaestiones disputatae,De virtutibus,Quaestio 1 articuli 3-13,https://www.corpusthomisticum.org/qdw103.html
QUAESTIONES,Quaestiones disputatae,De virtutibus,Quaestio 2,https://www.corpusthomisticum.org/qdw2.html
QUAESTIONES,Quaestiones disputatae,De virtutibus,Quaestio 3,https://www.corpusthomisticum.org/qdw3.html
QUAESTIONES,Quaestiones disputatae,De virtutibus,Quaestio 4,https://www.corpusthomisticum.org/qdw4.html
QUAESTIONES,Quaestiones disputatae,De virtutibus,Quaestio 5,https://www.corpusthomisticum.org/qdw5.html
QUAESTIONES,Quaestiones de quolibet,De virtutibus,Quodlibet VI,https://www.corpusthomisticum.org/q06.html
QUAESTIONES,Quaestiones de quolibet,De virtutibus,Quodlibet I,https://www.corpusthomisticum.org/q01.html
QUAESTIONES,Quaestiones de quolibet,De virtutibus,Quodlibet VII,https://www.corpusthomisticum.org/q07.html
QUAESTIONES,Quaestiones de quolibet,De virtutibus,Quodlibet II,https://www.corpusthomisticum.org/q02.html
QUAESTIONES,Quaestiones de quolibet,De virtutibus,Quodlibet VIII,https://www.corpusthomisticum.org/q08.html
QUAESTIONES,Quaestiones de quolibet,De virtutibus,Quodlibet III,https://www.corpusthomisticum.org/q03.html
QUAESTIONES,Quaestiones de quolibet,De virtutibus,Quodlibet IX,https://www.corpusthomisticum.org/q09.html
QUAESTIONES,Quaestiones de quolibet,De virtutibus,Quodlibet IV,https://www.corpusthomisticum.org/q04.html
QUAESTIONES,Quaestiones de quolibet,De virtutibus,Quodlibet X,https://www.corpusthomisticum.org/q10.html
QUAESTIONES,Quaestiones de quolibet,De virtutibus,Quodlibet V,https://www.corpusthomisticum.org/q05.html
QUAESTIONES,Quaestiones de quolibet,De virtutibus,Quodlibet XI,https://www.corpusthomisticum.org/q11.html
QUAESTIONES,Quaestiones de quolibet,De virtutibus,Quodlibet XII,https://www.corpusthomisticum.org/q12.html
OPUSCULA,Opuscula philosophica,De virtutibus,De ente et essentia,https://www.corpusthomisticum.org/oee.html
OPUSCULA,Opuscula philosophica,De virtutibus,De principiis naturae,https://www.corpusthomisticum.org/opn.html
OPUSCULA,Opuscula philosophica,De virtutibus,De unitate intellectus,https://www.corpusthomisticum.org/oca.html
OPUSCULA,Opuscula philosophica,De virtutibus,De aeternitate mundi,https://www.corpusthomisticum.org/ocm.html
OPUSCULA,Opuscula philosophica,De virtutibus,De substantiis separatis,https://www.corpusthomisticum.org/ots.html
OPUSCULA,Opuscula theologica,De virtutibus,De articulis Fidei,https://www.corpusthomisticum.org/oss.html
OPUSCULA,Opuscula theologica,De virtutibus,De rationibus Fidei,https://www.corpusthomisticum.org/ocg.html
OPUSCULA,Opuscula theologica,De virtutibus,Super Decretales,https://www.corpusthomisticum.org/o2d.html
OPUSCULA,Opuscula theologica,Principium Rigans montes,Recensio vulgata,https://www.corpusthomisticum.org/otd.html
OPUSCULA,Opuscula theologica,Compendium theologiae,Liber 1 capita 1-184,https://www.corpusthomisticum.org/ott101.html
OPUSCULA,Opuscula theologica,Compendium theologiae,Liber 1 capita 185-246,https://www.corpusthomisticum.org/ott1185.html
OPUSCULA,Opuscula theologica,Compendium theologiae,Liber 2,https://www.corpusthomisticum.org/ott2.html
OPUSCULA,Opuscula polemica pro mendicantibus,Compendium theologiae,Contra retrahentes,https://www.corpusthomisticum.org/ocr.html
OPUSCULA,Opuscula polemica pro mendicantibus,Compendium theologiae,De perfectione,https://www.corpusthomisticum.org/oap.html
OPUSCULA,Opuscula polemica pro mendicantibus,Contra impugnantes,Prooemium,https://www.corpusthomisticum.org/oci0.html
OPUSCULA,Opuscula polemica pro mendicantibus,Contra impugnantes,Pars 1,https://www.corpusthomisticum.org/oci1.html
OPUSCULA,Opuscula polemica pro mendicantibus,Contra impugnantes,Partes 2-4,https://www.corpusthomisticum.org/oci2.html
OPUSCULA,Opuscula polemica pro mendicantibus,Contra impugnantes,Pars 5,https://www.corpusthomisticum.org/oci5.html
OPUSCULA,Censurae,Contra impugnantes,Contra errores Graecorum,https://www.corpusthomisticum.org/oce.html
OPUSCULA,Censurae,Contra impugnantes,De forma absolutionis,https://www.corpusthomisticum.org/osf.html
OPUSCULA,Rescripta,Contra impugnantes,Ad Bernardum,https://www.corpusthomisticum.org/os6.html
OPUSCULA,Rescripta,Contra impugnantes,Ad ducissam Brabantiae,https://www.corpusthomisticum.org/ori.html
OPUSCULA,Rescripta,Contra impugnantes,De emptione,https://www.corpusthomisticum.org/opw.html
OPUSCULA,Rescripta,Contra impugnantes,De iudiciis astrorum,https://www.corpusthomisticum.org/ote.html
OPUSCULA,Rescripta,Contra impugnantes,De mixtione elementorum,https://www.corpusthomisticum.org/opx.html
OPUSCULA,Rescripta,Contra impugnantes,De motu cordis,https://www.corpusthomisticum.org/opc.html
OPUSCULA,Rescripta,Contra impugnantes,De operationibus occultis,https://www.corpusthomisticum.org/opo.html
OPUSCULA,Rescripta,Liber de sortibus,De sortibus,https://www.corpusthomisticum.org/otr.html
OPUSCULA,Rescripta,De regno,Ad librum 2 caput 4,https://www.corpusthomisticum.org/orp.html
OPUSCULA,Responsiones,De regno,De 6 articulis,https://www.corpusthomisticum.org/os5.html
OPUSCULA,Responsiones,De regno,De 30 articulis,https://www.corpusthomisticum.org/os1.html
OPUSCULA,Responsiones,De regno,De 36 articulis,https://www.corpusthomisticum.org/os2.html
OPUSCULA,Responsiones,De regno,De 43 articulis,https://www.corpusthomisticum.org/os3.html
OPUSCULA,Responsiones,De regno,De 108 articulis,https://www.corpusthomisticum.org/os4.html
COMMENTARIA,In Aristotelem,Expositio libri Peryermeneias,Ad librum 2 lectionem 2,https://www.corpusthomisticum.org/cpe.html
COMMENTARIA,In Aristotelem,Expositio libri Posteriorum Analyticorum,Liber 1,https://www.corpusthomisticum.org/cpa1.html
COMMENTARIA,In Aristotelem,Expositio libri Posteriorum Analyticorum,Liber 2,https://www.corpusthomisticum.org/cpa2.html
COMMENTARIA,In Aristotelem,In libros Physicorum,Liber 1 lectio 1,https://www.corpusthomisticum.org/cpy011.html
COMMENTARIA,In Aristotelem,In libros Physicorum,Liber 1 lectio 2-liber 2,https://www.corpusthomisticum.org/cpy012.html
COMMENTARIA,In Aristotelem,In libros Physicorum,Libri 3-4,https://www.corpusthomisticum.org/cpy03.html
COMMENTARIA,In Aristotelem,In libros Physicorum,Libri 5-6,https://www.corpusthomisticum.org/cpy05.html
COMMENTARIA,In Aristotelem,In libros Physicorum,Libri 7-8,https://www.corpusthomisticum.org/cpy07.html
COMMENTARIA,In Aristotelem,In libros De caelo et mundo,Prooemium,https://www.corpusthomisticum.org/ccm0.html
COMMENTARIA,In Aristotelem,In libros De caelo et mundo,Liber 1,https://www.corpusthomisticum.org/ccm1.html
COMMENTARIA,In Aristotelem,In libros De caelo et mundo,Liber 2,https://www.corpusthomisticum.org/ccm2.html
COMMENTARIA,In Aristotelem,In libros De caelo et mundo,Liber 3,https://www.corpusthomisticum.org/ccm3.html
COMMENTARIA,In Aristotelem,In libros De generatione et corruptione,Prooemium,https://www.corpusthomisticum.org/cgc00.html
COMMENTARIA,In Aristotelem,In libros De generatione et corruptione,Liber 1,https://www.corpusthomisticum.org/cgc01.html
COMMENTARIA,In Aristotelem,Sentencia super Meteora,Ad librum 2 caput 10,https://www.corpusthomisticum.org/cme1.html
COMMENTARIA,In Aristotelem,Sentencia super Meteora,Liber 2 capita 13-15,https://www.corpusthomisticum.org/cme213.html
COMMENTARIA,In Aristotelem,Sentencia libri De anima,Liber 1,https://www.corpusthomisticum.org/can1.html
COMMENTARIA,In Aristotelem,Sentencia libri De anima,Liber 2,https://www.corpusthomisticum.org/can2.html
COMMENTARIA,In Aristotelem,Sentencia libri De anima,Liber 3,https://www.corpusthomisticum.org/can3.html
COMMENTARIA,In Aristotelem,Sentencia libri De sensu et sensato,Tractatus 1,https://www.corpusthomisticum.org/css01.html
COMMENTARIA,In Aristotelem,Sentencia libri De sensu et sensato,Tractatus 2: De memoria et reminiscentia,https://www.corpusthomisticum.org/css02.html
COMMENTARIA,In Aristotelem,Sententia libri Ethicorum,Liber 1 lectiones 1-3,https://www.corpusthomisticum.org/ctc0101.html
COMMENTARIA,In Aristotelem,Sententia libri Ethicorum,Liber 1 lectiones 4-18,https://www.corpusthomisticum.org/ctc0104.html
COMMENTARIA,In Aristotelem,Sententia libri Ethicorum,Liber 1 lectiones 19-20,https://www.corpusthomisticum.org/ctc0119.html
COMMENTARIA,In Aristotelem,Sententia libri Ethicorum,Liber 2-liber 3 lectiones 1-13,https://www.corpusthomisticum.org/ctc02.html
COMMENTARIA,In Aristotelem,Sententia libri Ethicorum,Liber 3 lectio 14-liber 5,https://www.corpusthomisticum.org/ctc0314.html
COMMENTARIA,In Aristotelem,Sententia libri Ethicorum,Liber 6,https://www.corpusthomisticum.org/ctc06.html
COMMENTARIA,In Aristotelem,Sententia libri Ethicorum,Liber 7,https://www.corpusthomisticum.org/ctc07.html
COMMENTARIA,In Aristotelem,Sententia libri Ethicorum,Libri 8-9,https://www.corpusthomisticum.org/ctc08.html
COMMENTARIA,In Aristotelem,Sententia libri Ethicorum,Liber 10,https://www.corpusthomisticum.org/ctc10.html
COMMENTARIA,In Aristotelem,Tabula Ethicorum,Voces Accio-Iuuenis,https://www.corpusthomisticum.org/cte01.html
COMMENTARIA,In Aristotelem,Tabula Ethicorum,Voces Laudamus-Uisus,https://www.corpusthomisticum.org/cte10.html
COMMENTARIA,In Aristotelem,Tabula Ethicorum,Initia capitulorum,https://www.corpusthomisticum.org/cte19.html
COMMENTARIA,In Aristotelem,Sententia libri Politicorum,Ad librum 3 lectionem 6,https://www.corpusthomisticum.org/cpo.html
COMMENTARIA,In Aristotelem,Sententia libri Metaphysicae,Prooemium,https://www.corpusthomisticum.org/cmp00.html
COMMENTARIA,In Aristotelem,Sententia libri Metaphysicae,Liber 1 lectiones 1-3,https://www.corpusthomisticum.org/cmp0101.html
COMMENTARIA,In Aristotelem,Sententia libri Metaphysicae,Liber 1 lectiones 4-17,https://www.corpusthomisticum.org/cmp0104.html
COMMENTARIA,In Aristotelem,Sententia libri Metaphysicae,Liber 2,https://www.corpusthomisticum.org/cmp02.html
COMMENTARIA,In Aristotelem,Sententia libri Metaphysicae,Liber 3,https://www.corpusthomisticum.org/cmp03.html
COMMENTARIA,In Aristotelem,Sententia libri Metaphysicae,Liber 4,https://www.corpusthomisticum.org/cmp04.html
COMMENTARIA,In Aristotelem,Sententia libri Metaphysicae,Liber 5,https://www.corpusthomisticum.org/cmp05.html
COMMENTARIA,In Aristotelem,Sententia libri Metaphysicae,Liber 6,https://www.corpusthomisticum.org/cmp06.html
COMMENTARIA,In Aristotelem,Sententia libri Metaphysicae,Libri 7-8,https://www.corpusthomisticum.org/cmp07.html
COMMENTARIA,In Aristotelem,Sententia libri Metaphysicae,Liber 9,https://www.corpusthomisticum.org/cmp09.html
COMMENTARIA,In Aristotelem,Sententia libri Metaphysicae,Liber 10,https://www.corpusthomisticum.org/cmp10.html
COMMENTARIA,In Aristotelem,Sententia libri Metaphysicae,Liber 11,https://www.corpusthomisticum.org/cmp11.html
COMMENTARIA,In Aristotelem,Sententia libri Metaphysicae,Liber 12,https://www.corpusthomisticum.org/cmp12.html
COMMENTARIA,In neoplatonicos,Super librum De causis,Prooemium,https://www.corpusthomisticum.org/cdc00.html
COMMENTARIA,In neoplatonicos,Super librum De causis,Lectiones 1-32,https://www.corpusthomisticum.org/cdc01.html
COMMENTARIA,In neoplatonicos,Super De divinis nominibus,Prooemium,https://www.corpusthomisticum.org/cdn00.html
COMMENTARIA,In neoplatonicos,Super De divinis nominibus,Capita 1-2,https://www.corpusthomisticum.org/cdn01.html
COMMENTARIA,In neoplatonicos,Super De divinis nominibus,Caput 3,https://www.corpusthomisticum.org/cdn03.html
COMMENTARIA,In neoplatonicos,Super De divinis nominibus,Capita 4-8,https://www.corpusthomisticum.org/cdn04.html
COMMENTARIA,In neoplatonicos,Super De divinis nominibus,Capita 9-11,https://www.corpusthomisticum.org/cdn09.html
COMMENTARIA,In neoplatonicos,Super De divinis nominibus,Capita 12-13,https://www.corpusthomisticum.org/cdn12.html
COMMENTARIA,In Boethium,Super De divinis nominibus,Expositio libri De ebdomadibus,https://www.corpusthomisticum.org/cbh.html
COMMENTARIA,In Boethium,Super De Trinitate,Redactiones priores,https://www.corpusthomisticum.org/cbd.html
COMMENTARIA,In Boethium,Super De Trinitate,Recensio vulgata,https://www.corpusthomisticum.org/cbt.html
COMMENTARIA BIBLICA,In Vetus Testamentum,Super Psalmos,Prooemium,https://www.corpusthomisticum.org/cps00.html
COMMENTARIA BIBLICA,In Vetus Testamentum,Super Psalmos,Psalmus 1,https://www.corpusthomisticum.org/cps01.html
COMMENTARIA BIBLICA,In Vetus Testamentum,Super Psalmos,Psalmi 2-10,https://www.corpusthomisticum.org/cps02.html
COMMENTARIA BIBLICA,In Vetus Testamentum,Super Psalmos,Psalmi 11-20,https://www.corpusthomisticum.org/cps11.html
COMMENTARIA BIBLICA,In Vetus Testamentum,Super Psalmos,Psalmi 21-30,https://www.corpusthomisticum.org/cps21.html
COMMENTARIA BIBLICA,In Vetus Testamentum,Super Psalmos,Psalmi 31-40,https://www.corpusthomisticum.org/cps31.html
COMMENTARIA BIBLICA,In Vetus Testamentum,Super Psalmos,Psalmi 41-50,https://www.corpusthomisticum.org/cps41.html
COMMENTARIA BIBLICA,In Vetus Testamentum,Super Psalmos,Psalmus 51,https://www.corpusthomisticum.org/cps51.html
COMMENTARIA BIBLICA,In Vetus Testamentum,Super Psalmos,Psalmi 52-54,https://www.corpusthomisticum.org/cps52.html
COMMENTARIA BIBLICA,In Vetus Testamentum,Super Iob,Prooemium,https://www.corpusthomisticum.org/cio00.html
COMMENTARIA BIBLICA,In Vetus Testamentum,Super Iob,Capita 1-2,https://www.corpusthomisticum.org/cio01.html
COMMENTARIA BIBLICA,In Vetus Testamentum,Super Iob,Capita 3-14,https://www.corpusthomisticum.org/cio03.html
COMMENTARIA BIBLICA,In Vetus Testamentum,Super Iob,Capita 15-21,https://www.corpusthomisticum.org/cio15.html
COMMENTARIA BIBLICA,In Vetus Testamentum,Super Iob,Capita 22-31,https://www.corpusthomisticum.org/cio22.html
COMMENTARIA BIBLICA,In Vetus Testamentum,Super Iob,Capita 32-37,https://www.corpusthomisticum.org/cio32.html
COMMENTARIA BIBLICA,In Vetus Testamentum,Super Iob,Capita 38-41,https://www.corpusthomisticum.org/cio38.html
COMMENTARIA BIBLICA,In Vetus Testamentum,Super Iob,Caput 42,https://www.corpusthomisticum.org/cio42.html
COMMENTARIA BIBLICA,Commentaria cursoria,Super Iob,In Jeremiam,https://www.corpusthomisticum.org/cph.html
COMMENTARIA BIBLICA,Commentaria cursoria,Super Isaiam,Prooemium,https://www.corpusthomisticum.org/cis00.html
COMMENTARIA BIBLICA,Commentaria cursoria,Super Isaiam,Caput 1 lectio 1,https://www.corpusthomisticum.org/cis01a.html
COMMENTARIA BIBLICA,Commentaria cursoria,Super Isaiam,Caput 1 lectio 2-caput 33,https://www.corpusthomisticum.org/cis01b.html
COMMENTARIA BIBLICA,Commentaria cursoria,Super Isaiam,Capita 34-39,https://www.corpusthomisticum.org/cis34.html
COMMENTARIA BIBLICA,Commentaria cursoria,Super Isaiam,Capita 40-49,https://www.corpusthomisticum.org/cis40.html
COMMENTARIA BIBLICA,Commentaria cursoria,Super Isaiam,Capita 50-66,https://www.corpusthomisticum.org/cis50.html
COMMENTARIA BIBLICA,In Novum Testamentum,Super Matthaeum,Prooemium,https://www.corpusthomisticum.org/cma00.html
COMMENTARIA BIBLICA,In Novum Testamentum,Super Matthaeum,Capita 1-2,https://www.corpusthomisticum.org/cma01.html
COMMENTARIA BIBLICA,In Novum Testamentum,Super Matthaeum,Capita 3-4,https://www.corpusthomisticum.org/cma03.html
COMMENTARIA BIBLICA,In Novum Testamentum,Super Matthaeum,Caput 5 v. 1-10a,https://www.corpusthomisticum.org/cma0500.html
COMMENTARIA BIBLICA,In Novum Testamentum,Super Matthaeum,Caput 5 v. 10b-22,https://www.corpusthomisticum.org/cma0510.html
COMMENTARIA BIBLICA,In Novum Testamentum,Super Matthaeum,Caput 6 v. 9-14,https://www.corpusthomisticum.org/cma0609.html
COMMENTARIA BIBLICA,In Novum Testamentum,Super Matthaeum,"Caput 6, v. 9-14",https://www.corpusthomisticum.org/cml0609.html
COMMENTARIA BIBLICA,In Novum Testamentum,Super Matthaeum,Caput 6 v. 19-Caput 12,https://www.corpusthomisticum.org/cml0619.html
COMMENTARIA BIBLICA,In Novum Testamentum,Super Matthaeum,Capita 13-16,https://www.corpusthomisticum.org/cml13.html
COMMENTARIA BIBLICA,In Novum Testamentum,Super Matthaeum,Capita 17-20,https://www.corpusthomisticum.org/cml17.html
COMMENTARIA BIBLICA,In Novum Testamentum,Super Matthaeum,Capita 21-25,https://www.corpusthomisticum.org/cml21.html
COMMENTARIA BIBLICA,In Novum Testamentum,Super Matthaeum,Capita 26-28,https://www.corpusthomisticum.org/cml26.html
COMMENTARIA BIBLICA,In Novum Testamentum,Super Ioannem,Prooemium,https://www.corpusthomisticum.org/cih00.html
COMMENTARIA BIBLICA,In Novum Testamentum,Super Ioannem,Caput 1,https://www.corpusthomisticum.org/cih01.html
COMMENTARIA BIBLICA,In Novum Testamentum,Super Ioannem,Caput 2,https://www.corpusthomisticum.org/cih02.html
COMMENTARIA BIBLICA,In Novum Testamentum,Super Ioannem,Capita 3-4,https://www.corpusthomisticum.org/cih03.html
COMMENTARIA BIBLICA,In Novum Testamentum,Super Ioannem,Caput 5,https://www.corpusthomisticum.org/cih05.html
COMMENTARIA BIBLICA,In Novum Testamentum,Super Ioannem,Caput 6,https://www.corpusthomisticum.org/cih06.html
COMMENTARIA BIBLICA,In Novum Testamentum,Super Ioannem,Capita 7-11,https://www.corpusthomisticum.org/cih07.html
COMMENTARIA BIBLICA,In Novum Testamentum,Super Ioannem,Caput 12,https://www.corpusthomisticum.org/cih12.html
COMMENTARIA BIBLICA,In Novum Testamentum,Super Ioannem,Capita 13-17,https://www.corpusthomisticum.org/cih13.html
COMMENTARIA BIBLICA,In Novum Testamentum,Super Ioannem,Capita 18-19,https://www.corpusthomisticum.org/cih18.html
COMMENTARIA BIBLICA,In Novum Testamentum,Super Ioannem,Capita 20-21,https://www.corpusthomisticum.org/cih20.html
COMMENTARIA BIBLICA,Catena aurea,Catena in Matthaeum,Dedicatio,https://www.corpusthomisticum.org/cmt00a.html
COMMENTARIA BIBLICA,Catena aurea,Catena in Matthaeum,Prooemium,https://www.corpusthomisticum.org/cmt00b.html
COMMENTARIA BIBLICA,Catena aurea,Catena in Matthaeum,Capita 1-2,https://www.corpusthomisticum.org/cmt01.html
COMMENTARIA BIBLICA,Catena aurea,Catena in Matthaeum,Capita 3-4,https://www.corpusthomisticum.org/cmt03.html
COMMENTARIA BIBLICA,Catena aurea,Catena in Matthaeum,Capita 5-9,https://www.corpusthomisticum.org/cmt05.html
COMMENTARIA BIBLICA,Catena aurea,Catena in Matthaeum,Caput 10,https://www.corpusthomisticum.org/cmt10.html
COMMENTARIA BIBLICA,Catena aurea,Catena in Matthaeum,Capita 11-12,https://www.corpusthomisticum.org/cmt11.html
COMMENTARIA BIBLICA,Catena aurea,Catena in Matthaeum,Capita 13-16,https://www.corpusthomisticum.org/cmt13.html
COMMENTARIA BIBLICA,Catena aurea,Catena in Matthaeum,Capita 17-20,https://www.corpusthomisticum.org/cmt17.html
COMMENTARIA BIBLICA,Catena aurea,Catena in Matthaeum,Capita 21-25,https://www.corpusthomisticum.org/cmt21.html
COMMENTARIA BIBLICA,Catena aurea,Catena in Matthaeum,Capita 26-28,https://www.corpusthomisticum.org/cmt26.html
COMMENTARIA BIBLICA,Catena aurea,Catena in Marcum,Dedicatio,https://www.corpusthomisticum.org/cmc00a.html
COMMENTARIA BIBLICA,Catena aurea,Catena in Marcum,Prooemium,https://www.corpusthomisticum.org/cmc00b.html
COMMENTARIA BIBLICA,Catena aurea,Catena in Marcum,Capita 1-13,https://www.corpusthomisticum.org/cmc01.html
COMMENTARIA BIBLICA,Catena aurea,Catena in Marcum,Capita 14-16,https://www.corpusthomisticum.org/cmc14.html
COMMENTARIA BIBLICA,Catena aurea,Catena in Lucam,Prooemium,https://www.corpusthomisticum.org/clc00.html
COMMENTARIA BIBLICA,Catena aurea,Catena in Lucam,Caput 1 lectio 1,https://www.corpusthomisticum.org/clc011.html
COMMENTARIA BIBLICA,Catena aurea,Catena in Lucam,Caput 1 lectio 2-caput 2,https://www.corpusthomisticum.org/clc012.html
COMMENTARIA BIBLICA,Catena aurea,Catena in Lucam,Caput 3,https://www.corpusthomisticum.org/clc03.html
COMMENTARIA BIBLICA,Catena aurea,Catena in Lucam,Capita 4-8,https://www.corpusthomisticum.org/clc04.html
COMMENTARIA BIBLICA,Catena aurea,Catena in Lucam,Capita 9-13,https://www.corpusthomisticum.org/clc09.html
COMMENTARIA BIBLICA,Catena aurea,Catena in Lucam,Capita 14-18,https://www.corpusthomisticum.org/clc14.html
COMMENTARIA BIBLICA,Catena aurea,Catena in Lucam,Capita 19-21,https://www.corpusthomisticum.org/clc19.html
COMMENTARIA BIBLICA,Catena aurea,Catena in Lucam,Capita 22-24,https://www.corpusthomisticum.org/clc22.html
COMMENTARIA BIBLICA,Catena aurea,Catena in Ioannem,Prooemium,https://www.corpusthomisticum.org/cjo00.html
COMMENTARIA BIBLICA,Catena aurea,Catena in Ioannem,Caput 1,https://www.corpusthomisticum.org/cjo01.html
COMMENTARIA BIBLICA,Catena aurea,Catena in Ioannem,Caput 2,https://www.corpusthomisticum.org/cjo02.html
COMMENTARIA BIBLICA,Catena aurea,Catena in Ioannem,Capita 3-4,https://www.corpusthomisticum.org/cjo03.html
COMMENTARIA BIBLICA,Catena aurea,Catena in Ioannem,Capita 5-11,https://www.corpusthomisticum.org/cjo05.html
COMMENTARIA BIBLICA,Catena aurea,Catena in Ioannem,Capita 12-21,https://www.corpusthomisticum.org/cjo12.html
COMMENTARIA BIBLICA,In Epistolas S. Pauli,Super Romanos,Prooemium,https://www.corpusthomisticum.org/cro00.html
COMMENTARIA BIBLICA,In Epistolas S. Pauli,Super Romanos,Caput 1 lectiones 1-4,https://www.corpusthomisticum.org/cro011.html
COMMENTARIA BIBLICA,In Epistolas S. Pauli,Super Romanos,Caput 1 lectio 5,https://www.corpusthomisticum.org/cro015.html
COMMENTARIA BIBLICA,In Epistolas S. Pauli,Super Romanos,Caput 1 lectio 6-caput 4,https://www.corpusthomisticum.org/cro016.html
COMMENTARIA BIBLICA,In Epistolas S. Pauli,Super Romanos,Capita 5-11,https://www.corpusthomisticum.org/cro05.html
COMMENTARIA BIBLICA,In Epistolas S. Pauli,Super Romanos,Capita 12-16,https://www.corpusthomisticum.org/cro12.html
COMMENTARIA BIBLICA,In Epistolas S. Pauli,Super I ad Corinthios,Capita 1-7 v. 10,https://www.corpusthomisticum.org/c1c.html
COMMENTARIA BIBLICA,In Epistolas S. Pauli,Super I ad Corinthios,Capita 11-13 v. 11,https://www.corpusthomisticum.org/c1r.html
COMMENTARIA BIBLICA,In Epistolas S. Pauli,Super I ad Corinthios,Capita 11-16,https://www.corpusthomisticum.org/c1v.html
COMMENTARIA BIBLICA,In Epistolas S. Pauli,Super II ad Corinthios,Reportatio vulgata,https://www.corpusthomisticum.org/c2c.html
COMMENTARIA BIBLICA,In Epistolas S. Pauli,Super II ad Corinthios,Super Gal.,https://www.corpusthomisticum.org/cgl.html
COMMENTARIA BIBLICA,In Epistolas S. Pauli,Super II ad Corinthios,Super Eph.,https://www.corpusthomisticum.org/cep.html
COMMENTARIA BIBLICA,In Epistolas S. Pauli,Super II ad Corinthios,Super Philip.,https://www.corpusthomisticum.org/cpl.html
COMMENTARIA BIBLICA,In Epistolas S. Pauli,Super II ad Corinthios,Super Col.,https://www.corpusthomisticum.org/ccl.html
COMMENTARIA BIBLICA,In Epistolas S. Pauli,Super II ad Corinthios,Super I Thes.,https://www.corpusthomisticum.org/c1t.html
COMMENTARIA BIBLICA,In Epistolas S. Pauli,Super II ad Corinthios,Super II Thes.,https://www.corpusthomisticum.org/c2t.html
COMMENTARIA BIBLICA,In Epistolas S. Pauli,Super II ad Corinthios,Super I Tim.,https://www.corpusthomisticum.org/ct1.html
COMMENTARIA BIBLICA,In Epistolas S. Pauli,Super II ad Corinthios,Super II Tim.,https://www.corpusthomisticum.org/ct2.html
COMMENTARIA BIBLICA,In Epistolas S. Pauli,Super II ad Corinthios,Super Tit.,https://www.corpusthomisticum.org/ctt.html
COMMENTARIA BIBLICA,In Epistolas S. Pauli,Super II ad Corinthios,Super Philem.,https://www.corpusthomisticum.org/cpm.html
COMMENTARIA BIBLICA,In Epistolas S. Pauli,Super Epistolam ad Hebraeos,Prooemium,https://www.corpusthomisticum.org/ch200.html
COMMENTARIA BIBLICA,In Epistolas S. Pauli,Super Epistolam ad Hebraeos,Capita 1-6,https://www.corpusthomisticum.org/che01.html
COMMENTARIA BIBLICA,In Epistolas S. Pauli,Super Epistolam ad Hebraeos,Prooemium,https://www.corpusthomisticum.org/che00.html
COMMENTARIA BIBLICA,In Epistolas S. Pauli,Super Epistolam ad Hebraeos,Capita 7-10,https://www.corpusthomisticum.org/che07.html
COMMENTARIA BIBLICA,In Epistolas S. Pauli,Super Epistolam ad Hebraeos,Capita 11-13,https://www.corpusthomisticum.org/che11.html
COLLATIONES ET SERMONES,Collationes,Super Epistolam ad Hebraeos,In Symbolum Apostolorum,https://www.corpusthomisticum.org/csv.html
COLLATIONES ET SERMONES,Collationes,Super Epistolam ad Hebraeos,Expositio Salutationis angelicae,https://www.corpusthomisticum.org/cst.html
COLLATIONES ET SERMONES,Collationes,Super Epistolam ad Hebraeos,De decem praeceptis,https://www.corpusthomisticum.org/cac.html
COLLATIONES ET SERMONES,Collationes,In orationem dominicam,Prooemium,https://www.corpusthomisticum.org/csu00.html
COLLATIONES ET SERMONES,Collationes,In orationem dominicam,Articuli 2-7,https://www.corpusthomisticum.org/csu02.html
COLLATIONES ET SERMONES,Sermones,In orationem dominicam,Attendite a falsis,https://www.corpusthomisticum.org/haf.html
COLLATIONES ET SERMONES,Sermones,In orationem dominicam,Ecce Rex tuus venit,https://www.corpusthomisticum.org/her.html
COLLATIONES ET SERMONES,Sermones,In orationem dominicam,Exiit qui seminat,https://www.corpusthomisticum.org/hes.html
COLLATIONES ET SERMONES,Sermones,In orationem dominicam,Homo quidem fecit cenam,https://www.corpusthomisticum.org/hhf.html
COLLATIONES ET SERMONES,Sermones,In orationem dominicam,Osanna Filio David,https://www.corpusthomisticum.org/hof.html
COLLATIONES ET SERMONES,Sermones,In orationem dominicam,Puer Jesus,https://www.corpusthomisticum.org/hpj.html
DOCUMENTA,Acta,In orationem dominicam,Inventarium castri Traiecti,https://www.corpusthomisticum.org/act.html
DOCUMENTA,Opera collectiva,In orationem dominicam,De secreto,https://www.corpusthomisticum.org/ose.html
DOCUMENTA,Opera collectiva,In orationem dominicam,Ordinationes pro promotione studii,https://www.corpusthomisticum.org/ava.html
DOCUMENTA,Reportationes Alberti Magni Super Dionysium,De divinis nominibus,De pulchro et bono,https://www.corpusthomisticum.org/xdp.html
DOCUMENTA,Reportationes Alberti Magni Super Dionysium,De divinis nominibus,De fato,https://www.corpusthomisticum.org/xpz.html
OPERA PROBABILIA AUTHENTICITATE,Lectura Romana in primum Sententiarum Petri Lombardi,De divinis nominibus,Index quaestionum,https://www.corpusthomisticum.org/snrindex.html
OPERA PROBABILIA AUTHENTICITATE,Lectura Romana in primum Sententiarum Petri Lombardi,De divinis nominibus,Lectura Romana,https://www.corpusthomisticum.org/snr.html
OPERA PROBABILIA AUTHENTICITATE,Quaestiones,De divinis nominibus,De libro vitae,https://www.corpusthomisticum.org/plv.html
OPERA PROBABILIA AUTHENTICITATE,Opera liturgica,Officium Corporis Christi,Officium &laquo;Sacerdos&raquo; et Missa &laquo;Cibavit&raquo;,https://www.corpusthomisticum.org/pcx.html
OPERA PROBABILIA AUTHENTICITATE,Sermones,Officium Corporis Christi,Abjiciamus opera,https://www.corpusthomisticum.org/pao.html
OPERA PROBABILIA AUTHENTICITATE,Sermones,Officium Corporis Christi,Beata gens,https://www.corpusthomisticum.org/pbg.html
OPERA PROBABILIA AUTHENTICITATE,Sermones,Officium Corporis Christi,Beati qui habitant,https://www.corpusthomisticum.org/pbh.html
OPERA PROBABILIA AUTHENTICITATE,Sermones,Officium Corporis Christi,Beatus vir,https://www.corpusthomisticum.org/pbv.html
OPERA PROBABILIA AUTHENTICITATE,Sermones,Officium Corporis Christi,Coelum et terra,https://www.corpusthomisticum.org/pct.html
OPERA PROBABILIA AUTHENTICITATE,Sermones,Officium Corporis Christi,Ecce ego,https://www.corpusthomisticum.org/pee.html
OPERA PROBABILIA AUTHENTICITATE,Sermones,Officium Corporis Christi,Germinet terra,https://www.corpusthomisticum.org/pgt.html
OPERA PROBABILIA AUTHENTICITATE,Sermones,Officium Corporis Christi,Homo quidam erat dives,https://www.corpusthomisticum.org/phq.html
OPERA PROBABILIA AUTHENTICITATE,Sermones,Officium Corporis Christi,Lux orta,https://www.corpusthomisticum.org/plo.html
OPERA PROBABILIA AUTHENTICITATE,Sermones,Officium Corporis Christi,Hic est liber,https://www.corpusthomisticum.org/ptc.html
OPERA PROBABILIA AUTHENTICITATE,Preces,Officium Corporis Christi,Adoro te deuote,https://www.corpusthomisticum.org/pat.html
OPERA DUBIA AUTHENTICITATE,Quaestiones,Officium Corporis Christi,De cognitione animae,https://www.corpusthomisticum.org/dca.html
OPERA DUBIA AUTHENTICITATE,Quaestiones,Officium Corporis Christi,De immortalitate animae,https://www.corpusthomisticum.org/dia.html
OPERA DUBIA AUTHENTICITATE,Opuscula philosophica,Officium Corporis Christi,De fallaciis,https://www.corpusthomisticum.org/dp3.html
OPERA DUBIA AUTHENTICITATE,Opuscula philosophica,Officium Corporis Christi,De propositionibus modalibus,https://www.corpusthomisticum.org/dpp.html
OPERA DUBIA AUTHENTICITATE,Rescripta,Officium Corporis Christi,De sortibus [Recensio brevior],https://www.corpusthomisticum.org/dtb.html
OPERA DUBIA AUTHENTICITATE,Commentaria cursoria,Officium Corporis Christi,In Threnos,https://www.corpusthomisticum.org/cth.html
OPERA DUBIA AUTHENTICITATE,Opera liturgica,Officium Corporis Christi,Officium Corporis Christi &laquo;Sapientia&raquo; et Missa &laquo;Ego sum panis&raquo;,https://www.corpusthomisticum.org/dcx.html
OPERA DUBIA AUTHENTICITATE,Sermones,Officium Corporis Christi,Anima mea,https://www.corpusthomisticum.org/dam.html
OPERA DUBIA AUTHENTICITATE,Sermones,Officium Corporis Christi,Petite et accipietis,https://www.corpusthomisticum.org/dpa.html
OPERA DUBIA AUTHENTICITATE,Sermones,Officium Corporis Christi,Sapientia confortabit,https://www.corpusthomisticum.org/dsc.html
OPERA DUBIA AUTHENTICITATE,Sermones,Officium Corporis Christi,Tria retinent,https://www.corpusthomisticum.org/dtr.html
OPERA DUBIA AUTHENTICITATE,Preces,Officium Corporis Christi,Concede michi,https://www.corpusthomisticum.org/d04.html
OPERA DUBIA AUTHENTICITATE,Opera collectiva,Acta Capitulorum Provincialium Provinciae Romanae,Neapoli 1260,https://www.corpusthomisticum.org/a60.html
OPERA DUBIA AUTHENTICITATE,Opera collectiva,Acta Capitulorum Provincialium Provinciae Romanae,Urbeveteri 1261,https://www.corpusthomisticum.org/a61.html
OPERA DUBIA AUTHENTICITATE,Opera collectiva,Acta Capitulorum Provincialium Provinciae Romanae,Perusii 1262,https://www.corpusthomisticum.org/a62.html
OPERA DUBIA AUTHENTICITATE,Opera collectiva,Acta Capitulorum Provincialium Provinciae Romanae,Rome 1263,https://www.corpusthomisticum.org/a63.html
OPERA DUBIA AUTHENTICITATE,Opera collectiva,Acta Capitulorum Provincialium Provinciae Romanae,Viterbii 1264,https://www.corpusthomisticum.org/a64.html
OPERA DUBIA AUTHENTICITATE,Opera collectiva,Acta Capitulorum Provincialium Provinciae Romanae,Anagnie 1265,https://www.corpusthomisticum.org/a65.html
OPERA DUBIA AUTHENTICITATE,Opera collectiva,Acta Capitulorum Provincialium Provinciae Romanae,Tuderti 1266,https://www.corpusthomisticum.org/a66.html
OPERA DUBIA AUTHENTICITATE,Opera collectiva,Acta Capitulorum Provincialium Provinciae Romanae,Luce 1267,https://www.corpusthomisticum.org/a67.html
OPERA DUBIA AUTHENTICITATE,Opera collectiva,Acta Capitulorum Provincialium Provinciae Romanae,Viterbii 1268,https://www.corpusthomisticum.org/a68.html
OPERA DUBIA AUTHENTICITATE,Opera collectiva,Acta Capitulorum Provincialium Provinciae Romanae,Florentie 1272,https://www.corpusthomisticum.org/a72.html
OPERA DUBIA AUTHENTICITATE,Opera collectiva,Acta Capitulorum Provincialium Provinciae Romanae,Rome 1273,https://www.corpusthomisticum.org/a73.html
OPERA ALIQUA FALSE ADSCRIPTA THOMAE,Quaestiones disputatae,Acta Capitulorum Provincialium Provinciae Romanae,De natura beatitudinis,https://www.corpusthomisticum.org/xnb.html
OPERA ALIQUA FALSE ADSCRIPTA THOMAE,Quaestiones disputatae,Acta Capitulorum Provincialium Provinciae Romanae,De motoribus corporum caelestium,https://www.corpusthomisticum.org/xpb.html
OPERA ALIQUA FALSE ADSCRIPTA THOMAE,Quaestiones disputatae,Acta Capitulorum Provincialium Provinciae Romanae,De ordine agendi in creaturis,https://www.corpusthomisticum.org/xoa.html
OPERA ALIQUA FALSE ADSCRIPTA THOMAE,Opuscula philosophica,Acta Capitulorum Provincialium Provinciae Romanae,Ars musyce,https://www.corpusthomisticum.org/xm2.html
OPERA ALIQUA FALSE ADSCRIPTA THOMAE,Opuscula philosophica,Acta Capitulorum Provincialium Provinciae Romanae,De arte musica,https://www.corpusthomisticum.org/xam.html
OPERA ALIQUA FALSE ADSCRIPTA THOMAE,Opuscula philosophica,Acta Capitulorum Provincialium Provinciae Romanae,De demonstratione,https://www.corpusthomisticum.org/xpd.html
OPERA ALIQUA FALSE ADSCRIPTA THOMAE,Opuscula philosophica,Acta Capitulorum Provincialium Provinciae Romanae,De intellectu et intelligibili,https://www.corpusthomisticum.org/xpi.html
OPERA ALIQUA FALSE ADSCRIPTA THOMAE,Opuscula philosophica,Acta Capitulorum Provincialium Provinciae Romanae,De inventione medii,https://www.corpusthomisticum.org/xpv.html
OPERA ALIQUA FALSE ADSCRIPTA THOMAE,Opuscula philosophica,Acta Capitulorum Provincialium Provinciae Romanae,De natura loci,https://www.corpusthomisticum.org/xp6.html
OPERA ALIQUA FALSE ADSCRIPTA THOMAE,Opuscula philosophica,Acta Capitulorum Provincialium Provinciae Romanae,De natura materiae,https://www.corpusthomisticum.org/xpm.html
OPERA ALIQUA FALSE ADSCRIPTA THOMAE,Opuscula philosophica,Acta Capitulorum Provincialium Provinciae Romanae,De natura syllogismorum,https://www.corpusthomisticum.org/xps.html
OPERA ALIQUA FALSE ADSCRIPTA THOMAE,Opuscula philosophica,Acta Capitulorum Provincialium Provinciae Romanae,De potentiis animae,https://www.corpusthomisticum.org/xp8.html
OPERA ALIQUA FALSE ADSCRIPTA THOMAE,Opuscula philosophica,Acta Capitulorum Provincialium Provinciae Romanae,De tempore,https://www.corpusthomisticum.org/xpt.html
OPERA ALIQUA FALSE ADSCRIPTA THOMAE,Opuscula philosophica,Acta Capitulorum Provincialium Provinciae Romanae,De universalibus &laquo;Circa&raquo;,https://www.corpusthomisticum.org/xpu.html
OPERA ALIQUA FALSE ADSCRIPTA THOMAE,Opuscula philosophica,Acta Capitulorum Provincialium Provinciae Romanae,De universalibus &laquo;Quoniam&raquo;,https://www.corpusthomisticum.org/xu2.html
OPERA ALIQUA FALSE ADSCRIPTA THOMAE,Opuscula philosophica,Acta Capitulorum Provincialium Provinciae Romanae,De universalibus &laquo;Universale&raquo;,https://www.corpusthomisticum.org/xun.html
OPERA ALIQUA FALSE ADSCRIPTA THOMAE,Opuscula philosophica,Acta Capitulorum Provincialium Provinciae Romanae,De vitiis et virtutibus,https://www.corpusthomisticum.org/xav.html
OPERA ALIQUA FALSE ADSCRIPTA THOMAE,Opuscula philosophica,Acta Capitulorum Provincialium Provinciae Romanae,Summa totius Logicae Aristotelis,https://www.corpusthomisticum.org/xpl.html
OPERA ALIQUA FALSE ADSCRIPTA THOMAE,Opuscula philosophica,Acta Capitulorum Provincialium Provinciae Romanae,De usuris in communi,https://www.corpusthomisticum.org/xtu.html
OPERA ALIQUA FALSE ADSCRIPTA THOMAE,Opuscula philosophica,Acta Capitulorum Provincialium Provinciae Romanae,Prooemium,https://www.corpusthomisticum.org/xre0.html
OPERA ALIQUA FALSE ADSCRIPTA THOMAE,Opuscula philosophica,Acta Capitulorum Provincialium Provinciae Romanae,Liber 1,https://www.corpusthomisticum.org/xre1.html
OPERA ALIQUA FALSE ADSCRIPTA THOMAE,Opuscula philosophica,Acta Capitulorum Provincialium Provinciae Romanae,Liber 2,https://www.corpusthomisticum.org/xre2.html
OPERA ALIQUA FALSE ADSCRIPTA THOMAE,Opuscula philosophica,Acta Capitulorum Provincialium Provinciae Romanae,Liber 3,https://www.corpusthomisticum.org/xre3.html
OPERA ALIQUA FALSE ADSCRIPTA THOMAE,Opuscula philosophica,Acta Capitulorum Provincialium Provinciae Romanae,Liber 4,https://www.corpusthomisticum.org/xre4.html
OPERA ALIQUA FALSE ADSCRIPTA THOMAE,Opuscula philosophica,Acta Capitulorum Provincialium Provinciae Romanae,Liber 5,https://www.corpusthomisticum.org/xre5.html
OPERA ALIQUA FALSE ADSCRIPTA THOMAE,Opuscula philosophica,Acta Capitulorum Provincialium Provinciae Romanae,Liber 6,https://www.corpusthomisticum.org/xre6.html
OPERA ALIQUA FALSE ADSCRIPTA THOMAE,Opuscula philosophica,Acta Capitulorum Provincialium Provinciae Romanae,Liber 7,https://www.corpusthomisticum.org/xre7.html
OPERA ALIQUA FALSE ADSCRIPTA THOMAE,Opuscula philosophica,Acta Capitulorum Provincialium Provinciae Romanae,De praescientia et praedestinatione,https://www.corpusthomisticum.org/xtz.html
OPERA ALIQUA FALSE ADSCRIPTA THOMAE,Opuscula philosophica,Acta Capitulorum Provincialium Provinciae Romanae,Ad partem 2,https://www.corpusthomisticum.org/xpf0.html
OPERA ALIQUA FALSE ADSCRIPTA THOMAE,Opuscula philosophica,Acta Capitulorum Provincialium Provinciae Romanae,Partes 3-8,https://www.corpusthomisticum.org/xpf3.html
OPERA ALIQUA FALSE ADSCRIPTA THOMAE,Opuscula philosophica,Acta Capitulorum Provincialium Provinciae Romanae,De instantibus,https://www.corpusthomisticum.org/xp5.html
OPERA ALIQUA FALSE ADSCRIPTA THOMAE,Opuscula philosophica,Acta Capitulorum Provincialium Provinciae Romanae,De natura accidentis,https://www.corpusthomisticum.org/xpa.html
OPERA ALIQUA FALSE ADSCRIPTA THOMAE,Opuscula philosophica,Acta Capitulorum Provincialium Provinciae Romanae,De natura generis,https://www.corpusthomisticum.org/xpg.html
OPERA ALIQUA FALSE ADSCRIPTA THOMAE,Opuscula philosophica,Acta Capitulorum Provincialium Provinciae Romanae,De natura verbi intellectus,https://www.corpusthomisticum.org/xti.html
OPERA ALIQUA FALSE ADSCRIPTA THOMAE,Opuscula philosophica,Acta Capitulorum Provincialium Provinciae Romanae,De principio individuationis,https://www.corpusthomisticum.org/xp9.html
OPERA ALIQUA FALSE ADSCRIPTA THOMAE,Opuscula philosophica,Acta Capitulorum Provincialium Provinciae Romanae,De quatuor oppositis,https://www.corpusthomisticum.org/xp4.html
OPERA ALIQUA FALSE ADSCRIPTA THOMAE,Opuscula theologica,Acta Capitulorum Provincialium Provinciae Romanae,De beatitudine,https://www.corpusthomisticum.org/xtb.html
OPERA ALIQUA FALSE ADSCRIPTA THOMAE,Opuscula theologica,Acta Capitulorum Provincialium Provinciae Romanae,De divinis moribus,https://www.corpusthomisticum.org/xtm.html
OPERA ALIQUA FALSE ADSCRIPTA THOMAE,Opuscula theologica,Acta Capitulorum Provincialium Provinciae Romanae,De humanitate Jesu Christi D.N.,https://www.corpusthomisticum.org/xth.html
OPERA ALIQUA FALSE ADSCRIPTA THOMAE,Opuscula theologica,Acta Capitulorum Provincialium Provinciae Romanae,De officio sacerdotis,https://www.corpusthomisticum.org/xso.html
OPERA ALIQUA FALSE ADSCRIPTA THOMAE,Opuscula theologica,Acta Capitulorum Provincialium Provinciae Romanae,De sacramento Eucharistiae,https://www.corpusthomisticum.org/xse.html
OPERA ALIQUA FALSE ADSCRIPTA THOMAE,Opuscula theologica,Acta Capitulorum Provincialium Provinciae Romanae,De venerabili sacramento altaris,https://www.corpusthomisticum.org/xsa.html
OPERA ALIQUA FALSE ADSCRIPTA THOMAE,Opuscula theologica,Acta Capitulorum Provincialium Provinciae Romanae,Principium Intravit Rex,https://www.corpusthomisticum.org/xsr.html
OPERA ALIQUA FALSE ADSCRIPTA THOMAE,Opuscula theologica,Acta Capitulorum Provincialium Provinciae Romanae,De dilectione Dei et proximi,https://www.corpusthomisticum.org/xao.html
OPERA ALIQUA FALSE ADSCRIPTA THOMAE,Opuscula theologica,Acta Capitulorum Provincialium Provinciae Romanae,De adventu Antichristi,https://www.corpusthomisticum.org/xta.html
OPERA ALIQUA FALSE ADSCRIPTA THOMAE,Opuscula theologica,Acta Capitulorum Provincialium Provinciae Romanae,De praeambulis ad judicium,https://www.corpusthomisticum.org/xtp.html
OPERA ALIQUA FALSE ADSCRIPTA THOMAE,Opuscula theologica,Acta Capitulorum Provincialium Provinciae Romanae,De modo confitendi et puritate conscientiae,https://www.corpusthomisticum.org/xsc.html
OPERA ALIQUA FALSE ADSCRIPTA THOMAE,Rescripta,Acta Capitulorum Provincialium Provinciae Romanae,De modo studendi,https://www.corpusthomisticum.org/xas.html
OPERA ALIQUA FALSE ADSCRIPTA THOMAE,Concordantiae,Acta Capitulorum Provincialium Provinciae Romanae,Pertransibunt plurimi,https://www.corpusthomisticum.org/xp2.html
OPERA ALIQUA FALSE ADSCRIPTA THOMAE,Commentaria philosophica,Acta Capitulorum Provincialium Provinciae Romanae,In De somno et vigilia,https://www.corpusthomisticum.org/xsv.html
OPERA ALIQUA FALSE ADSCRIPTA THOMAE,Commentaria philosophica,Acta Capitulorum Provincialium Provinciae Romanae,In De somniis,https://www.corpusthomisticum.org/xsm.html
OPERA ALIQUA FALSE ADSCRIPTA THOMAE,Commentaria philosophica,Acta Capitulorum Provincialium Provinciae Romanae,In De divinatione per somnum,https://www.corpusthomisticum.org/xds.html
OPERA ALIQUA FALSE ADSCRIPTA THOMAE,Commentaria philosophica,Acta Capitulorum Provincialium Provinciae Romanae,In Boethii De scholarium disciplina,https://www.corpusthomisticum.org/xbd.html
OPERA ALIQUA FALSE ADSCRIPTA THOMAE,Commentaria philosophica,Acta Capitulorum Provincialium Provinciae Romanae,Prooemium,https://www.corpusthomisticum.org/xbc0.html
OPERA ALIQUA FALSE ADSCRIPTA THOMAE,Commentaria philosophica,Acta Capitulorum Provincialium Provinciae Romanae,Liber 1,https://www.corpusthomisticum.org/xbc1.html
OPERA ALIQUA FALSE ADSCRIPTA THOMAE,Commentaria philosophica,Acta Capitulorum Provincialium Provinciae Romanae,Liber 2,https://www.corpusthomisticum.org/xbc2.html
OPERA ALIQUA FALSE ADSCRIPTA THOMAE,Commentaria philosophica,Acta Capitulorum Provincialium Provinciae Romanae,Liber 3,https://www.corpusthomisticum.org/xbc3.html
OPERA ALIQUA FALSE ADSCRIPTA THOMAE,Commentaria philosophica,Acta Capitulorum Provincialium Provinciae Romanae,Liber 4,https://www.corpusthomisticum.org/xbc4.html
OPERA ALIQUA FALSE ADSCRIPTA THOMAE,Commentaria philosophica,Acta Capitulorum Provincialium Provinciae Romanae,Liber 5,https://www.corpusthomisticum.org/xbc5.html
OPERA ALIQUA FALSE ADSCRIPTA THOMAE,Commentaria theologica,Acta Capitulorum Provincialium Provinciae Romanae,De pulchro et bono,https://www.corpusthomisticum.org/xdp.html
OPERA ALIQUA FALSE ADSCRIPTA THOMAE,Commentaria theologica,Acta Capitulorum Provincialium Provinciae Romanae,De fato,https://www.corpusthomisticum.org/xpz.html
OPERA ALIQUA FALSE ADSCRIPTA THOMAE,Commentaria theologica,Acta Capitulorum Provincialium Provinciae Romanae,"Super Pater noster, prima petitio",https://www.corpusthomisticum.org/xsu.html
OPERA ALIQUA FALSE ADSCRIPTA THOMAE,Commentaria theologica,Acta Capitulorum Provincialium Provinciae Romanae,Expositio Missae,https://www.corpusthomisticum.org/xem.html
OPERA ALIQUA FALSE ADSCRIPTA THOMAE,Commentaria biblica,Acta Capitulorum Provincialium Provinciae Romanae,Capita 1-3,https://www.corpusthomisticum.org/xgn01.html
OPERA ALIQUA FALSE ADSCRIPTA THOMAE,Commentaria biblica,Acta Capitulorum Provincialium Provinciae Romanae,Capita 4-5,https://www.corpusthomisticum.org/xgn04.html
OPERA ALIQUA FALSE ADSCRIPTA THOMAE,Commentaria biblica,Acta Capitulorum Provincialium Provinciae Romanae,Capita 6-11,https://www.corpusthomisticum.org/xgn06.html
OPERA ALIQUA FALSE ADSCRIPTA THOMAE,Commentaria biblica,Acta Capitulorum Provincialium Provinciae Romanae,Capita 12-36,https://www.corpusthomisticum.org/xgn12.html
OPERA ALIQUA FALSE ADSCRIPTA THOMAE,Commentaria biblica,Acta Capitulorum Provincialium Provinciae Romanae,Capita 37-50,https://www.corpusthomisticum.org/xgn37.html
OPERA ALIQUA FALSE ADSCRIPTA THOMAE,Commentaria biblica,Acta Capitulorum Provincialium Provinciae Romanae,Prooemium,https://www.corpusthomisticum.org/x2a00.html
OPERA ALIQUA FALSE ADSCRIPTA THOMAE,Commentaria biblica,Acta Capitulorum Provincialium Provinciae Romanae,Caput 1,https://www.corpusthomisticum.org/x2a01.html
OPERA ALIQUA FALSE ADSCRIPTA THOMAE,Commentaria biblica,Acta Capitulorum Provincialium Provinciae Romanae,Capita 2-4,https://www.corpusthomisticum.org/x2a02.html
OPERA ALIQUA FALSE ADSCRIPTA THOMAE,Commentaria biblica,Acta Capitulorum Provincialium Provinciae Romanae,Capita 5-7,https://www.corpusthomisticum.org/x2a05.html
OPERA ALIQUA FALSE ADSCRIPTA THOMAE,Commentaria biblica,Acta Capitulorum Provincialium Provinciae Romanae,Capita 8-12,https://www.corpusthomisticum.org/x2a08.html
OPERA ALIQUA FALSE ADSCRIPTA THOMAE,Commentaria biblica,Acta Capitulorum Provincialium Provinciae Romanae,Capita 13-15,https://www.corpusthomisticum.org/x2a13.html
OPERA ALIQUA FALSE ADSCRIPTA THOMAE,Commentaria biblica,Acta Capitulorum Provincialium Provinciae Romanae,Capita 16-17,https://www.corpusthomisticum.org/x2a16.html
OPERA ALIQUA FALSE ADSCRIPTA THOMAE,Commentaria biblica,Acta Capitulorum Provincialium Provinciae Romanae,Capita 18-19,https://www.corpusthomisticum.org/x2a18.html
OPERA ALIQUA FALSE ADSCRIPTA THOMAE,Commentaria biblica,Acta Capitulorum Provincialium Provinciae Romanae,Capita 20-21,https://www.corpusthomisticum.org/x2a20.html
OPERA ALIQUA FALSE ADSCRIPTA THOMAE,Commentaria biblica,Acta Capitulorum Provincialium Provinciae Romanae,Caput 22,https://www.corpusthomisticum.org/x2a22.html
OPERA ALIQUA FALSE ADSCRIPTA THOMAE,Commentaria biblica,Acta Capitulorum Provincialium Provinciae Romanae,In Canticum,https://www.corpusthomisticum.org/xc2.html
OPERA ALIQUA FALSE ADSCRIPTA THOMAE,Commentaria biblica,Acta Capitulorum Provincialium Provinciae Romanae,In Canticum,https://www.corpusthomisticum.org/xcc.html
OPERA ALIQUA FALSE ADSCRIPTA THOMAE,Commentaria biblica,Acta Capitulorum Provincialium Provinciae Romanae,Prooemium,https://www.corpusthomisticum.org/x1a00.html
OPERA ALIQUA FALSE ADSCRIPTA THOMAE,Commentaria biblica,Acta Capitulorum Provincialium Provinciae Romanae,Caput 1,https://www.corpusthomisticum.org/x1a01.html
OPERA ALIQUA FALSE ADSCRIPTA THOMAE,Commentaria biblica,Acta Capitulorum Provincialium Provinciae Romanae,Capita 2-3,https://www.corpusthomisticum.org/x1a02.html
OPERA ALIQUA FALSE ADSCRIPTA THOMAE,Commentaria biblica,Acta Capitulorum Provincialium Provinciae Romanae,Capita 4-7,https://www.corpusthomisticum.org/x1a04.html
OPERA ALIQUA FALSE ADSCRIPTA THOMAE,Commentaria biblica,Acta Capitulorum Provincialium Provinciae Romanae,Capita 8-11,https://www.corpusthomisticum.org/x1a08.html
OPERA ALIQUA FALSE ADSCRIPTA THOMAE,Commentaria biblica,Acta Capitulorum Provincialium Provinciae Romanae,Capita 12-14,https://www.corpusthomisticum.org/x1a12.html
OPERA ALIQUA FALSE ADSCRIPTA THOMAE,Commentaria biblica,Acta Capitulorum Provincialium Provinciae Romanae,Capita 15-17,https://www.corpusthomisticum.org/x1a15.html
OPERA ALIQUA FALSE ADSCRIPTA THOMAE,Commentaria biblica,Acta Capitulorum Provincialium Provinciae Romanae,Capita 18-20,https://www.corpusthomisticum.org/x1a18.html
OPERA ALIQUA FALSE ADSCRIPTA THOMAE,Commentaria biblica,Acta Capitulorum Provincialium Provinciae Romanae,Capita 21-22,https://www.corpusthomisticum.org/x1a21.html
OPERA ALIQUA FALSE ADSCRIPTA THOMAE,Commentaria biblica,Acta Capitulorum Provincialium Provinciae Romanae,In Danielem,https://www.corpusthomisticum.org/xda.html
OPERA ALIQUA FALSE ADSCRIPTA THOMAE,Commentaria biblica,Acta Capitulorum Provincialium Provinciae Romanae,In libros Machabaeorum,https://www.corpusthomisticum.org/xmb.html
OPERA ALIQUA FALSE ADSCRIPTA THOMAE,Commentaria biblica,Acta Capitulorum Provincialium Provinciae Romanae,Prooemium,https://www.corpusthomisticum.org/xec0.html
OPERA ALIQUA FALSE ADSCRIPTA THOMAE,Commentaria biblica,Acta Capitulorum Provincialium Provinciae Romanae,In Jacobum,https://www.corpusthomisticum.org/xec1.html
OPERA ALIQUA FALSE ADSCRIPTA THOMAE,Commentaria biblica,Acta Capitulorum Provincialium Provinciae Romanae,In I Petri,https://www.corpusthomisticum.org/xec2.html
OPERA ALIQUA FALSE ADSCRIPTA THOMAE,Commentaria biblica,Acta Capitulorum Provincialium Provinciae Romanae,In II Petri,https://www.corpusthomisticum.org/xec3.html
OPERA ALIQUA FALSE ADSCRIPTA THOMAE,Commentaria biblica,Acta Capitulorum Provincialium Provinciae Romanae,In I Joannis,https://www.corpusthomisticum.org/xec4.html
OPERA ALIQUA FALSE ADSCRIPTA THOMAE,Commentaria biblica,Acta Capitulorum Provincialium Provinciae Romanae,In II Joannis,https://www.corpusthomisticum.org/xec5.html
OPERA ALIQUA FALSE ADSCRIPTA THOMAE,Commentaria biblica,Acta Capitulorum Provincialium Provinciae Romanae,In III Joannis,https://www.corpusthomisticum.org/xec6.html
OPERA ALIQUA FALSE ADSCRIPTA THOMAE,Commentaria biblica,Acta Capitulorum Provincialium Provinciae Romanae,In Judam,https://www.corpusthomisticum.org/xec7.html
OPERA ALIQUA FALSE ADSCRIPTA THOMAE,Commentaria biblica,Acta Capitulorum Provincialium Provinciae Romanae,"Caput 5, v. 11-22",https://www.corpusthomisticum.org/xmt0511.html
OPERA ALIQUA FALSE ADSCRIPTA THOMAE,Commentaria biblica,Acta Capitulorum Provincialium Provinciae Romanae,Capita 5 v. 23-cap. 6 v. 8,https://www.corpusthomisticum.org/xmt0523.html
OPERA ALIQUA FALSE ADSCRIPTA THOMAE,Commentaria biblica,Acta Capitulorum Provincialium Provinciae Romanae,Caput 6 v. 16-18,https://www.corpusthomisticum.org/xmt0616.html
OPERA ALIQUA FALSE ADSCRIPTA THOMAE,Commentaria biblica,Acta Capitulorum Provincialium Provinciae Romanae,Super I ad Corinthios cap. 7-10,https://www.corpusthomisticum.org/x1c.html
OPERA ALIQUA FALSE ADSCRIPTA THOMAE,Sermones,Acta Capitulorum Provincialium Provinciae Romanae,Adaperiat Deus,https://www.corpusthomisticum.org/xad.html
OPERA ALIQUA FALSE ADSCRIPTA THOMAE,Sermones,Acta Capitulorum Provincialium Provinciae Romanae,Que autem in celis,https://www.corpusthomisticum.org/xqc.html
OPERA ALIQUA FALSE ADSCRIPTA THOMAE,Sermones,Acta Capitulorum Provincialium Provinciae Romanae,Sermones dominicales,https://www.corpusthomisticum.org/xaw1.html
OPERA ALIQUA FALSE ADSCRIPTA THOMAE,Sermones,Acta Capitulorum Provincialium Provinciae Romanae,Sermones festivi,https://www.corpusthomisticum.org/xaw2.html
OPERA ALIQUA FALSE ADSCRIPTA THOMAE,Sermones,Acta Capitulorum Provincialium Provinciae Romanae,Hodiernae festivitatis,https://www.corpusthomisticum.org/xhf.html
OPERA ALIQUA FALSE ADSCRIPTA THOMAE,Sermones,Acta Capitulorum Provincialium Provinciae Romanae,Cecidit sors,https://www.corpusthomisticum.org/xcs.html
OPERA ALIQUA FALSE ADSCRIPTA THOMAE,Sermones,Acta Capitulorum Provincialium Provinciae Romanae,Omnia parata,https://www.corpusthomisticum.org/xop.html
OPERA ALIQUA FALSE ADSCRIPTA THOMAE,Opera liturgica,Acta Capitulorum Provincialium Provinciae Romanae,Officium de festo S. Augustini,https://www.corpusthomisticum.org/xsx.html
OPERA ALIQUA FALSE ADSCRIPTA THOMAE,Preces,Acta Capitulorum Provincialium Provinciae Romanae,Ad te fontem,https://www.corpusthomisticum.org/x01.html
OPERA ALIQUA FALSE ADSCRIPTA THOMAE,Preces,Acta Capitulorum Provincialium Provinciae Romanae,Creator ineffabilis,https://www.corpusthomisticum.org/x09.html
OPERA ALIQUA FALSE ADSCRIPTA THOMAE,Preces,Acta Capitulorum Provincialium Provinciae Romanae,Gratias tibi ago,https://www.corpusthomisticum.org/x08.html
OPERA ALIQUA FALSE ADSCRIPTA THOMAE,Preces,Acta Capitulorum Provincialium Provinciae Romanae,"Laudo, glorifico",https://www.corpusthomisticum.org/x05.html
OPERA ALIQUA FALSE ADSCRIPTA THOMAE,Preces,Acta Capitulorum Provincialium Provinciae Romanae,O beatissima et dulcissima,https://www.corpusthomisticum.org/x10.html
OPERA ALIQUA FALSE ADSCRIPTA THOMAE,Preces,Acta Capitulorum Provincialium Provinciae Romanae,O Deus omnipotens,https://www.corpusthomisticum.org/x02.html
OPERA ALIQUA FALSE ADSCRIPTA THOMAE,Preces,Acta Capitulorum Provincialium Provinciae Romanae,Omnipotens sempiterne Deus,https://www.corpusthomisticum.org/x06.html
OPERA ALIQUA FALSE ADSCRIPTA THOMAE,Preces,Acta Capitulorum Provincialium Provinciae Romanae,Praeco lucerna,https://www.corpusthomisticum.org/x12.html
OPERA ALIQUA FALSE ADSCRIPTA THOMAE,Preces,Acta Capitulorum Provincialium Provinciae Romanae,"Sit, Jesu dulcissime",https://www.corpusthomisticum.org/x07.html
OPERA ALIQUA FALSE ADSCRIPTA THOMAE,Preces,Acta Capitulorum Provincialium Provinciae Romanae,Te Deum totius consolationis,https://www.corpusthomisticum.org/x03.html
OPERA ALIQUA FALSE ADSCRIPTA THOMAE,Carmina,Acta Capitulorum Provincialium Provinciae Romanae,Tanto ha virt&ugrave;,https://www.corpusthomisticum.org/xtv.html
OPERA ALIQUA FALSE ADSCRIPTA THOMAE,Carmina,Acta Capitulorum Provincialium Provinciae Romanae,Poscia che tutte,https://www.corpusthomisticum.org/xpc.html
